{
  "statusSets": [
    {
      "id": "design",
      "title": "Design",
      "statuses": [
        { "id": "needs-design", "title": "Needs Design", "color": "#0C8FAC" },
        { "id": "ready", "title": "Ready", "color": "#00b600" },
        { "id": "needs-updated", "title": "Needs Update", "color": "#6b51f7" }
      ]
    },
    {
      "id": "react",
      "title": "React",
      "statuses": [
        { "id": "unset", "title": "Unset", "color": "#403e41" },
        { "id": "needs-dev", "title": "Needs Development", "color": "#0C8FAC" },
        { "id": "needs-updated", "title": "Needs Update", "color": "#6b51f7" },
        { "id": "needs-qa", "title": "Needs QA", "color": "#fc8a4b" },
        {
          "id": "needs-approval",
          "title": "Needs Approval",
          "color": "#f0e034"
        },
        { "id": "ready", "title": "Ready", "color": "#00b600" },
        { "id": "wont-build", "title": "Won't Build", "color": "#ededed" }
      ]
    },
    {
      "id": "web-components",
      "title": "Web Components",
      "statuses": [
        { "id": "unset", "title": "Unset", "color": "#403e41" },
        { "id": "needs-dev", "title": "Needs Development", "color": "#0C8FAC" },
        { "id": "needs-updated", "title": "Needs Update", "color": "#6b51f7" },
        { "id": "needs-qa", "title": "Needs QA", "color": "#fc8a4b" },
        {
          "id": "needs-approval",
          "title": "Needs Approval",
          "color": "#f0e034"
        },
        { "id": "ready", "title": "Ready", "color": "#00b600" },
        { "id": "wont-build", "title": "Won't Build", "color": "#ededed" }
      ]
    }
  ]
}
